Region,Year,Gender,Agriculture,Industry,Services
World,1991,Total,44.48981094,21.7134304,33.79675674
World,1992,Total,44.30018234,21.48218918,34.21762848
World,1993,Total,43.53990936,21.41805649,35.04203415
World,1994,Total,42.79192734,21.31085396,35.8972168
World,1995,Total,41.8479805,21.24829292,36.90372467
World,1996,Total,41.09910202,21.26769066,37.63320541
World,1997,Total,40.59200668,21.28328705,38.12470627
World,1998,Total,40.59830856,20.94337463,38.4583168
World,1999,Total,40.6316452,20.64685631,38.7215004
World,2000,Total,40.42692566,20.5209465,39.05212784
World,2001,Total,40.0086441,20.52747345,39.46388245
World,2002,Total,39.70135117,20.34010506,39.95854187
World,2003,Total,39.18086243,20.38684464,40.43229294
World,2004,Total,38.20480728,20.67893791,41.11625671
World,2005,Total,37.3169899,21.14538193,41.53762436
World,2006,Total,36.21599579,21.66654778,42.11745453
World,2007,Total,35.31617737,22.18810272,42.49571991
World,2008,Total,34.67832947,22.2563343,43.06533813
World,2009,Total,34.25805283,22.07132721,43.67061996
World,2010,Total,33.68952942,22.25880432,44.05166626
World,2011,Total,32.87643051,22.62395096,44.49961853
World,2012,Total,31.93868637,23.03595352,45.02536011
World,2013,Total,31.84259415,23.03443527,45.12297058
World,2014,Total,31.32831955,23.22149277,45.45018768
World,2015,Total,30.78923607,23.4253788,45.78538513
World,2016,Total,30.27470207,23.62109375,46.10420227
World,2017,Total,29.76269722,23.81227112,46.42502975
World,2018,Total,29.25713348,23.99835396,46.74451447
Developed Economies & EU,1991,Total,6.940428734,31.04940987,62.01016235
Developed Economies & EU,1992,Total,6.767324924,30.54138947,62.69128418
Developed Economies & EU,1993,Total,6.529560089,29.76046562,63.70997238
Developed Economies & EU,1994,Total,6.496229172,29.18666267,64.31710815
Developed Economies & EU,1995,Total,6.356636524,28.91271782,64.73064423
Developed Economies & EU,1996,Total,6.143555164,28.61133003,65.24511719
Developed Economies & EU,1997,Total,6.01977396,28.37491226,65.60531616
Developed Economies & EU,1998,Total,5.825651646,28.10742188,66.06692505
Developed Economies & EU,1999,Total,5.634320736,27.55708122,66.80859375
Developed Economies & EU,2000,Total,5.482978344,27.2489872,67.26803589
Developed Economies & EU,2001,Total,5.30446434,26.81389427,67.88163757
Developed Economies & EU,2002,Total,5.033699036,26.30876732,68.65753174
Developed Economies & EU,2003,Total,4.665547848,25.68203545,69.65241241
Developed Economies & EU,2004,Total,4.400577545,25.40125847,70.19816589
Developed Economies & EU,2005,Total,4.299517632,25.0916481,70.60883331
Developed Economies & EU,2006,Total,4.105918884,25.10172844,70.79235077
Developed Economies & EU,2007,Total,3.924843788,25.00129509,71.07386017
Developed Economies & EU,2008,Total,3.735141277,24.57769203,71.68716431
Developed Economies & EU,2009,Total,3.75950098,22.93304825,73.30744934
Developed Economies & EU,2010,Total,3.760844231,22.36842155,73.87073517
Developed Economies & EU,2011,Total,3.657241344,22.51840019,73.82435608
Developed Economies & EU,2012,Total,3.627781153,22.51628685,73.85593414
Developed Economies & EU,2013,Total,3.613065481,22.48776054,73.89916992
Developed Economies & EU,2014,Total,3.54438591,22.40964508,74.0459671
Developed Economies & EU,2015,Total,3.466268301,22.34462547,74.18910217
Developed Economies & EU,2016,Total,3.387868643,22.28730202,74.3248291
Developed Economies & EU,2017,Total,3.30845952,22.22922897,74.46231079
Developed Economies & EU,2018,Total,3.230779171,22.1700325,74.59918976
Central & South Eastern Europe (non-EU) & CIS,1991,Total,28.65135956,29.53386497,41.81477356
Central & South Eastern Europe (non-EU) & CIS,1992,Total,27.46514893,29.26355553,43.27129745
Central & South Eastern Europe (non-EU) & CIS,1993,Total,26.84230614,28.5203476,44.63734436
Central & South Eastern Europe (non-EU) & CIS,1994,Total,27.2382164,27.50529289,45.2564888
Central & South Eastern Europe (non-EU) & CIS,1995,Total,26.89542007,26.73381233,46.3707695
Central & South Eastern Europe (non-EU) & CIS,1996,Total,26.52466393,26.09362602,47.38171005
Central & South Eastern Europe (non-EU) & CIS,1997,Total,26.03124809,25.57795143,48.39080048
Central & South Eastern Europe (non-EU) & CIS,1998,Total,25.79061127,25.11314583,49.096241
Central & South Eastern Europe (non-EU) & CIS,1999,Total,26.73920441,24.69165993,48.56913376
Central & South Eastern Europe (non-EU) & CIS,2000,Total,25.28266525,25.08235168,49.63498306
Central & South Eastern Europe (non-EU) & CIS,2001,Total,24.03592682,25.38110924,50.58296204
Central & South Eastern Europe (non-EU) & CIS,2002,Total,22.99340057,25.46708488,51.53951263
Central & South Eastern Europe (non-EU) & CIS,2003,Total,22.3673439,25.82226753,51.81039047
Central & South Eastern Europe (non-EU) & CIS,2004,Total,21.58834076,25.7091713,52.70248795
Central & South Eastern Europe (non-EU) & CIS,2005,Total,20.88318062,25.92591095,53.19090652
Central & South Eastern Europe (non-EU) & CIS,2006,Total,20.06324768,25.93735695,53.99939346
Central & South Eastern Europe (non-EU) & CIS,2007,Total,18.75099945,26.11658287,55.13241959
Central & South Eastern Europe (non-EU) & CIS,2008,Total,18.48295212,25.91012001,55.60692596
Central & South Eastern Europe (non-EU) & CIS,2009,Total,18.76973152,25.12395477,56.1063118
Central & South Eastern Europe (non-EU) & CIS,2010,Total,19.26649666,24.65347481,56.08002853
Central & South Eastern Europe (non-EU) & CIS,2011,Total,19.73577118,24.35372162,55.9105072
Central & South Eastern Europe (non-EU) & CIS,2012,Total,20.11555672,23.98176765,55.90267563
Central & South Eastern Europe (non-EU) & CIS,2013,Total,18.27634239,27.14935875,54.57429886
Central & South Eastern Europe (non-EU) & CIS,2014,Total,18.08631134,27.18335724,54.73033142
Central & South Eastern Europe (non-EU) & CIS,2015,Total,17.86909866,27.24157524,54.88932419
Central & South Eastern Europe (non-EU) & CIS,2016,Total,17.64008713,27.30113983,55.05877304
Central & South Eastern Europe (non-EU) & CIS,2017,Total,17.41008186,27.35638428,55.23353577
Central & South Eastern Europe (non-EU) & CIS,2018,Total,17.17320824,27.4142971,55.41249466
Latin America & the Caribbean,1991,Total,24.68294907,22.75273323,52.56431961
Latin America & the Caribbean,1992,Total,25.5112114,22.13880348,52.34998703
Latin America & the Caribbean,1993,Total,25.33561516,21.88902283,52.77536011
Latin America & the Caribbean,1994,Total,24.88644981,21.43114471,53.68240738
Latin America & the Caribbean,1995,Total,24.37238503,20.89099121,54.73662567
Latin America & the Caribbean,1996,Total,23.40538979,20.9731369,55.62147141
Latin America & the Caribbean,1997,Total,23.35169792,21.04429817,55.60400391
Latin America & the Caribbean,1998,Total,22.00989151,21.49052429,56.4995842
Latin America & the Caribbean,1999,Total,22.65764999,20.97730637,56.36504364
Latin America & the Caribbean,2000,Total,21.48549652,21.24648285,57.26802063
Latin America & the Caribbean,2001,Total,20.72888756,21.04099274,58.2301178
Latin America & the Caribbean,2002,Total,20.59671974,21.15718269,58.24609756
Latin America & the Caribbean,2003,Total,20.22475624,21.0784626,58.69678116
Latin America & the Caribbean,2004,Total,19.94790459,21.27068329,58.78141022
Latin America & the Caribbean,2005,Total,19.52817726,21.62511253,58.84671021
Latin America & the Caribbean,2006,Total,18.7995472,21.83703613,59.36341858
Latin America & the Caribbean,2007,Total,17.79220009,22.18089676,60.02690506
Latin America & the Caribbean,2008,Total,17.13362694,22.39638519,60.46998978
Latin America & the Caribbean,2009,Total,17.13072968,22.03868866,60.83058167
Latin America & the Caribbean,2010,Total,16.55003738,21.84862328,61.60134125
Latin America & the Caribbean,2011,Total,16.22701454,21.50791931,62.26506424
Latin America & the Caribbean,2012,Total,15.71475983,21.12182999,63.16341019
Latin America & the Caribbean,2013,Total,15.5083828,20.94782448,63.54379272
Latin America & the Caribbean,2014,Total,15.29236794,20.99249077,63.7151413
Latin America & the Caribbean,2015,Total,15.04350471,21.068573,63.88792419
Latin America & the Caribbean,2016,Total,14.79928875,21.15105438,64.04965973
Latin America & the Caribbean,2017,Total,14.55032063,21.23595619,64.21372223
Latin America & the Caribbean,2018,Total,14.30019665,21.32148361,64.37831879
South East Asia & the Pacific,1991,Total,58.92773819,13.51780987,27.55445099
South East Asia & the Pacific,1992,Total,59.03945923,13.50386429,27.45667648
South East Asia & the Pacific,1993,Total,56.66291428,14.45509243,28.88199234
South East Asia & the Pacific,1994,Total,54.52337646,15.74217701,29.73444366
South East Asia & the Pacific,1995,Total,52.53471375,16.00652313,31.45876312
South East Asia & the Pacific,1996,Total,51.23303604,16.43946457,32.32749939
South East Asia & the Pacific,1997,Total,49.03540802,17.08889771,33.87569427
South East Asia & the Pacific,1998,Total,50.34874344,15.47831821,34.1729393
South East Asia & the Pacific,1999,Total,49.35205841,15.92649269,34.72144699
South East Asia & the Pacific,2000,Total,49.75314713,16.358881,33.88796997
South East Asia & the Pacific,2001,Total,48.34469604,17.13332939,34.52197266
South East Asia & the Pacific,2002,Total,48.22423172,17.31892204,34.45684433
South East Asia & the Pacific,2003,Total,48.20939255,17.27854538,34.51206207
South East Asia & the Pacific,2004,Total,46.30887985,17.613554,36.07756424
South East Asia & the Pacific,2005,Total,45.98013687,18.05007935,35.96978378
South East Asia & the Pacific,2006,Total,44.56708527,18.30866814,37.1242485
South East Asia & the Pacific,2007,Total,43.95386124,18.40073395,37.64540482
South East Asia & the Pacific,2008,Total,43.50260544,18.24972534,38.24766922
South East Asia & the Pacific,2009,Total,42.53889847,18.37673569,39.08436584
South East Asia & the Pacific,2010,Total,41.42401123,18.67325592,39.90273285
South East Asia & the Pacific,2011,Total,40.34948349,19.24248314,40.40803146
South East Asia & the Pacific,2012,Total,39.15445328,19.78819084,41.05735397
South East Asia & the Pacific,2013,Total,40.33506012,19.18935394,40.47558594
South East Asia & the Pacific,2014,Total,39.57047653,19.47635269,40.95317078
South East Asia & the Pacific,2015,Total,38.78305054,19.78807259,41.42887497
South East Asia & the Pacific,2016,Total,38.00784302,20.09077263,41.90138626
South East Asia & the Pacific,2017,Total,37.22710037,20.39565849,42.37724304
South East Asia & the Pacific,2018,Total,36.44761658,20.69904518,42.85333633
South Asia,1991,Total,62.15382385,15.90421391,21.94196129
South Asia,1992,Total,62.05168915,15.70912933,22.23918343
South Asia,1993,Total,61.73208237,15.57688808,22.6910305
South Asia,1994,Total,61.33958435,15.48536015,23.17505646
South Asia,1995,Total,60.74044418,15.53250504,23.72705269
South Asia,1996,Total,60.28533936,15.44284058,24.27182007
South Asia,1997,Total,59.85229492,15.52892876,24.61877632
South Asia,1998,Total,59.86700821,15.41942692,24.71356583
South Asia,1999,Total,59.61875153,15.47182178,24.90942383
South Asia,2000,Total,59.45151138,15.59655762,24.95192909
South Asia,2001,Total,58.44882965,16.16220856,25.38896179
South Asia,2002,Total,56.93184662,16.95409203,26.11406136
South Asia,2003,Total,55.79752731,17.60098076,26.60149193
South Asia,2004,Total,55.12914276,18.01259995,26.85825539
South Asia,2005,Total,54.2855835,18.51782227,27.19659424
South Asia,2006,Total,53.50634384,19.07401848,27.41963577
South Asia,2007,Total,52.86001587,19.56732941,27.57265472
South Asia,2008,Total,52.3208046,19.93757057,27.74162292
South Asia,2009,Total,51.70067978,20.3498745,27.94944382
South Asia,2010,Total,51.13005447,20.74859047,28.12135696
South Asia,2011,Total,49.92166901,21.38411331,28.69421768
South Asia,2012,Total,48.52995682,22.16975212,29.30029106
South Asia,2013,Total,47.19350052,22.89223099,29.91426659
South Asia,2014,Total,46.64369965,23.14233971,30.21396255
South Asia,2015,Total,46.00195694,23.45504189,30.54299927
South Asia,2016,Total,45.29961777,23.79503059,30.90534973
South Asia,2017,Total,44.57479095,24.14696884,31.2782402
South Asia,2018,Total,43.83817291,24.50501442,31.65681076
East Asia,1991,Total,56.62438583,23.17198753,20.20362663
East Asia,1992,Total,55.49610901,23.39419746,21.10969353
East Asia,1993,Total,53.52067566,23.97264862,22.50667572
East Asia,1994,Total,51.51456451,24.21822929,24.26720619
East Asia,1995,Total,49.49637604,24.48595428,26.01767159
East Asia,1996,Total,47.88603973,24.89127922,27.22267914
East Asia,1997,Total,47.30588913,25.01729012,27.67682076
East Asia,1998,Total,47.29715729,24.71267128,27.99017334
East Asia,1999,Total,47.55716705,24.18451118,28.25831985
East Asia,2000,Total,47.40114212,23.67059517,28.92826271
East Asia,2001,Total,47.36830902,23.44114113,29.19054985
East Asia,2002,Total,47.34936905,22.56533241,30.08530045
East Asia,2003,Total,46.51072311,22.72683716,30.76244164
East Asia,2004,Total,44.41265488,23.53946304,32.04788208
East Asia,2005,Total,42.42987823,24.7221756,32.84794617
East Asia,2006,Total,40.36051178,25.98823357,33.65125275
East Asia,2007,Total,38.67549896,27.41492271,33.90957642
East Asia,2008,Total,37.50761414,27.76725388,34.72513199
East Asia,2009,Total,36.10038757,28.06507683,35.83453751
East Asia,2010,Total,34.79533005,28.87212372,36.33254623
East Asia,2011,Total,33.00857544,29.80804634,37.18337631
East Asia,2012,Total,30.97871208,30.92873383,38.09255219
East Asia,2013,Total,31.1776371,30.20471764,38.61764526
East Asia,2014,Total,29.84934425,30.74536133,39.40529251
East Asia,2015,Total,28.54983139,31.27011871,40.1800499
East Asia,2016,Total,27.38995934,31.74611855,40.86392212
East Asia,2017,Total,26.24644661,32.20531845,41.54823685
East Asia,2018,Total,25.11970711,32.64760971,42.23268509
Middle East,1991,Total,24.66749573,23.95670891,51.37579346
Middle East,1992,Total,24.55076599,23.79399109,51.65524292
Middle East,1993,Total,24.52316666,23.62071228,51.85612106
Middle East,1994,Total,24.21854019,23.51966095,52.26179886
Middle East,1995,Total,24.10590172,23.46313286,52.43096542
Middle East,1996,Total,24.01217461,23.54813957,52.43968582
Middle East,1997,Total,23.92700195,23.65810204,52.4148941
Middle East,1998,Total,23.81254387,23.78627205,52.40118408
Middle East,1999,Total,23.48275375,23.82229614,52.6949501
Middle East,2000,Total,22.94011688,23.88573456,53.17414856
Middle East,2001,Total,22.76091576,24.20068169,53.03840256
Middle East,2002,Total,22.33456421,24.29671097,53.36872482
Middle East,2003,Total,21.8584404,24.62623978,53.51531982
Middle East,2004,Total,21.41404724,25.02386665,53.5620842
Middle East,2005,Total,20.40400505,25.55212975,54.0438652
Middle East,2006,Total,19.27342796,25.95678329,54.76979065
Middle East,2007,Total,18.57487106,26.21025658,55.21487045
Middle East,2008,Total,17.17437935,26.08499718,56.74062347
Middle East,2009,Total,16.07671738,26.41803169,57.50525284
Middle East,2010,Total,15.34335232,26.6850071,57.97164154
Middle East,2011,Total,15.0273819,26.88081741,58.09180069
Middle East,2012,Total,14.90954685,27.19535828,57.89509583
Middle East,2013,Total,14.81420326,27.43867302,57.74712372
Middle East,2014,Total,14.71475029,27.41133308,57.87391663
Middle East,2015,Total,14.59095001,27.40217781,58.00687408
Middle East,2016,Total,14.46466923,27.38872337,58.14660645
Middle East,2017,Total,14.33726597,27.37021828,58.2925148
Middle East,2018,Total,14.20675182,27.34995842,58.44329071
North Africa,1991,Total,34.83701324,21.78234863,43.38063812
North Africa,1992,Total,37.64671707,20.36355209,41.98973083
North Africa,1993,Total,36.32378387,20.45568657,43.22053146
North Africa,1994,Total,36.24339294,20.30890465,43.4477005
North Africa,1995,Total,35.86275101,20.33602333,43.80122375
North Africa,1996,Total,35.29391098,20.41122818,44.29485703
North Africa,1997,Total,34.85401535,20.70125198,44.44473267
North Africa,1998,Total,34.03271103,20.48711205,45.48017502
North Africa,1999,Total,33.39868164,20.60701561,45.99430084
North Africa,2000,Total,33.78905869,20.06540489,46.14553833
North Africa,2001,Total,33.17876053,19.96356964,46.85766602
North Africa,2002,Total,32.73981857,19.72531128,47.53487015
North Africa,2003,Total,33.46317291,19.48851204,47.04831696
North Africa,2004,Total,34.36579132,19.88022804,45.75397873
North Africa,2005,Total,33.50577927,20.65700722,45.83721542
North Africa,2006,Total,32.97733688,21.172966,45.84969711
North Africa,2007,Total,32.58502197,21.56102943,45.8539505
North Africa,2008,Total,32.0039711,22.10016823,45.89585876
North Africa,2009,Total,31.1031456,22.55834961,46.33850479
North Africa,2010,Total,30.09792709,23.67368889,46.22838211
North Africa,2011,Total,30.14734459,22.54834557,47.30430984
North Africa,2012,Total,30.13733673,21.53762627,48.32503891
North Africa,2013,Total,30.045578,21.06196976,48.89245224
North Africa,2014,Total,29.80897522,21.08626366,49.10475922
North Africa,2015,Total,29.52118874,21.15055656,49.3282547
North Africa,2016,Total,29.21993256,21.22302628,49.55704117
North Africa,2017,Total,28.92451477,21.29208755,49.78339767
North Africa,2018,Total,28.62968826,21.35799599,50.01231384
Sub-Saharan Africa,1991,Total,66.26973724,8.989655495,24.74060631
Sub-Saharan Africa,1992,Total,66.44309998,8.729759216,24.82714081
Sub-Saharan Africa,1993,Total,66.83602142,8.48061657,24.68336487
Sub-Saharan Africa,1994,Total,66.78614807,8.329189301,24.88466263
Sub-Saharan Africa,1995,Total,66.34283447,8.386740685,25.27042961
Sub-Saharan Africa,1996,Total,66.14585114,8.39520359,25.45894814
Sub-Saharan Africa,1997,Total,65.95587921,8.31347847,25.73064041
Sub-Saharan Africa,1998,Total,65.79831696,8.264022827,25.93766403
Sub-Saharan Africa,1999,Total,65.68854523,8.171744347,26.13970947
Sub-Saharan Africa,2000,Total,65.51828003,8.132545471,26.34917259
Sub-Saharan Africa,2001,Total,65.02689362,8.241975784,26.73112869
Sub-Saharan Africa,2002,Total,65.03684998,8.253827095,26.70932388
Sub-Saharan Africa,2003,Total,64.67980194,8.223894119,27.09630203
Sub-Saharan Africa,2004,Total,64.28526306,8.262843132,27.45189476
Sub-Saharan Africa,2005,Total,63.67334366,8.35645771,27.97019958
Sub-Saharan Africa,2006,Total,63.03741074,8.547669411,28.4149189
Sub-Saharan Africa,2007,Total,62.5938797,8.680364609,28.72575569
Sub-Saharan Africa,2008,Total,62.06194687,8.741716385,29.19633675
Sub-Saharan Africa,2009,Total,61.93714905,8.777608871,29.28524017
Sub-Saharan Africa,2010,Total,61.71419525,8.774855614,29.51094818
Sub-Saharan Africa,2011,Total,61.4618721,8.794667244,29.7434597
Sub-Saharan Africa,2012,Total,61.12405777,8.858062744,30.01787758
Sub-Saharan Africa,2013,Total,61.27799988,8.862558365,29.85944176
Sub-Saharan Africa,2014,Total,60.83588409,9.018964767,30.14515305
Sub-Saharan Africa,2015,Total,60.38087845,9.194149971,30.42497253
Sub-Saharan Africa,2016,Total,59.90494156,9.378796577,30.71626282
Sub-Saharan Africa,2017,Total,59.42796326,9.564292908,31.00774193
Sub-Saharan Africa,2018,Total,58.94548798,9.753817558,31.30069542
World,1991,Male,41.62688446,24.99853516,33.37458038
World,1992,Male,41.46193695,24.78907776,33.74898529
World,1993,Male,40.81604767,24.7193985,34.46455383
World,1994,Male,40.16547012,24.65436363,35.18016815
World,1995,Male,39.40243149,24.6281929,35.96937561
World,1996,Male,38.77162933,24.64152527,36.5868454
World,1997,Male,38.31982803,24.713274,36.96689606
World,1998,Male,38.38401794,24.37047386,37.2455101
World,1999,Male,38.44307327,24.11118507,37.44574356
World,2000,Male,38.2591095,24.0170784,37.7238121
World,2001,Male,37.94771194,24.01798439,38.03430557
World,2002,Male,37.63686371,23.874403,38.48873138
World,2003,Male,37.18119431,23.93200684,38.88679886
World,2004,Male,36.1958313,24.3392067,39.46496201
World,2005,Male,35.31829453,24.90114212,39.78056335
World,2006,Male,34.3615303,25.51935196,40.11911774
World,2007,Male,33.50566483,26.13605881,40.35827637
World,2008,Male,32.99776459,26.28502083,40.71721649
World,2009,Male,32.75172043,25.97633362,41.27194595
World,2010,Male,32.27817154,26.09807968,41.62374878
World,2011,Male,31.60106659,26.45571136,41.94322205
World,2012,Male,30.80379868,26.87920952,42.31699371
World,2013,Male,30.95727158,26.736763,42.30596542
World,2014,Male,30.36913109,26.98383904,42.64702988
World,2015,Male,29.74115753,27.25604057,43.00279999
World,2016,Male,29.12197113,27.52565956,43.3523674
World,2017,Male,28.50139999,27.79323769,43.70536423
World,2018,Male,27.88411713,28.05750084,44.05838394
Developed Economies & EU,1991,Male,7.454032898,39.36667252,53.17929459
Developed Economies & EU,1992,Male,7.286880016,39.0099144,53.70320511
Developed Economies & EU,1993,Male,7.067840576,38.30946732,54.62269211
Developed Economies & EU,1994,Male,7.002764225,37.7886734,55.20856476
Developed Economies & EU,1995,Male,6.830263138,37.65547943,55.51425934
Developed Economies & EU,1996,Male,6.681245327,37.37945557,55.93930054
Developed Economies & EU,1997,Male,6.543897629,37.28417587,56.17192841
Developed Economies & EU,1998,Male,6.396169662,37.09466553,56.50916672
Developed Economies & EU,1999,Male,6.202397823,36.63061523,57.16698837
Developed Economies & EU,2000,Male,6.054379463,36.38375473,57.56186295
Developed Economies & EU,2001,Male,5.864315987,36.02009201,58.11559296
Developed Economies & EU,2002,Male,5.692466259,35.65258026,58.654953
Developed Economies & EU,2003,Male,5.280758381,35.06137466,59.65786743
Developed Economies & EU,2004,Male,5.024862766,34.86061096,60.11452484
Developed Economies & EU,2005,Male,4.922805309,34.65678406,60.42041016
Developed Economies & EU,2006,Male,4.725942135,34.83584213,60.43821335
Developed Economies & EU,2007,Male,4.506084919,34.81666183,60.67725372
Developed Economies & EU,2008,Male,4.264736176,34.53087997,61.20438385
Developed Economies & EU,2009,Male,4.361604214,32.62677383,63.01161957
Developed Economies & EU,2010,Male,4.411855698,31.98551178,63.60263062
Developed Economies & EU,2011,Male,4.326454639,32.07266235,63.60088348
Developed Economies & EU,2012,Male,4.348182678,32.00675583,63.64506149
Developed Economies & EU,2013,Male,4.382585049,31.91566467,63.70175171
Developed Economies & EU,2014,Male,4.281487465,31.82972908,63.8887825
Developed Economies & EU,2015,Male,4.161462307,31.75080872,64.08773041
Developed Economies & EU,2016,Male,4.03796196,31.67955589,64.28248596
Developed Economies & EU,2017,Male,3.913701534,31.60997391,64.47632599
Developed Economies & EU,2018,Male,3.792859554,31.54191399,64.6652298
Central & South Eastern Europe (non-EU) & CIS,1991,Male,27.82083893,35.96012878,36.21903229
Central & South Eastern Europe (non-EU) & CIS,1992,Male,27.04537964,35.51197433,37.44264603
Central & South Eastern Europe (non-EU) & CIS,1993,Male,26.94244576,34.58917999,38.46837616
Central & South Eastern Europe (non-EU) & CIS,1994,Male,27.02150726,33.6480217,39.33047104
Central & South Eastern Europe (non-EU) & CIS,1995,Male,26.8365345,32.76921463,40.39425278
Central & South Eastern Europe (non-EU) & CIS,1996,Male,26.52776718,32.05543518,41.41679764
Central & South Eastern Europe (non-EU) & CIS,1997,Male,26.39249229,31.40178108,42.20572662
Central & South Eastern Europe (non-EU) & CIS,1998,Male,26.06171989,30.89034653,43.04793549
Central & South Eastern Europe (non-EU) & CIS,1999,Male,26.45386124,30.5196228,43.02651596
Central & South Eastern Europe (non-EU) & CIS,2000,Male,25.27470779,30.88277054,43.84252167
Central & South Eastern Europe (non-EU) & CIS,2001,Male,24.14990044,31.0802536,44.76984406
Central & South Eastern Europe (non-EU) & CIS,2002,Male,22.97695732,31.4088974,45.61414719
Central & South Eastern Europe (non-EU) & CIS,2003,Male,22.63040924,32.22002792,45.14956284
Central & South Eastern Europe (non-EU) & CIS,2004,Male,22.06521416,32.09297943,45.8418045
Central & South Eastern Europe (non-EU) & CIS,2005,Male,21.21718597,32.64488983,46.13792419
Central & South Eastern Europe (non-EU) & CIS,2006,Male,20.47884369,32.87914276,46.64201355
Central & South Eastern Europe (non-EU) & CIS,2007,Male,19.05261993,33.28457642,47.66280365
Central & South Eastern Europe (non-EU) & CIS,2008,Male,18.5684433,33.55003357,47.88152313
Central & South Eastern Europe (non-EU) & CIS,2009,Male,19.09147835,31.84888458,49.05963516
Central & South Eastern Europe (non-EU) & CIS,2010,Male,19.64233017,30.45933342,49.8983345
Central & South Eastern Europe (non-EU) & CIS,2011,Male,20.30295563,29.48715591,50.20988846
Central & South Eastern Europe (non-EU) & CIS,2012,Male,20.92774773,28.36412811,50.70812225
Central & South Eastern Europe (non-EU) & CIS,2013,Male,17.4964962,33.70056915,48.80293274
Central & South Eastern Europe (non-EU) & CIS,2014,Male,17.17646599,33.79069138,49.03284073
Central & South Eastern Europe (non-EU) & CIS,2015,Male,16.81005669,33.90897369,49.28096771
Central & South Eastern Europe (non-EU) & CIS,2016,Male,16.43659401,34.03126144,49.53214645
Central & South Eastern Europe (non-EU) & CIS,2017,Male,16.06606865,34.14598465,49.78794861
Central & South Eastern Europe (non-EU) & CIS,2018,Male,15.68566036,34.26465607,50.04968262
East Asia,1991,Male,49.46505737,26.01862335,24.51631737
East Asia,1992,Male,48.42410278,26.24993324,25.32596207
East Asia,1993,Male,46.63261795,26.82321167,26.54417038
East Asia,1994,Male,44.90151596,27.06977081,28.02871132
East Asia,1995,Male,43.20227814,27.34174156,29.4559803
East Asia,1996,Male,41.85702515,27.74792099,30.39505386
East Asia,1997,Male,41.37352753,27.88613701,30.74033356
East Asia,1998,Male,41.38948059,27.55198669,31.05853081
East Asia,1999,Male,41.67485046,27.02210999,31.30304146
East Asia,2000,Male,41.61356354,26.54423332,31.84220123
East Asia,2001,Male,41.64026642,26.30733299,32.05239868
East Asia,2002,Male,41.78406525,25.43623734,32.77969742
East Asia,2003,Male,41.12547302,25.60262871,33.27190018
East Asia,2004,Male,39.41452789,26.42098999,34.16448212
East Asia,2005,Male,37.76044464,27.59737968,34.64217377
East Asia,2006,Male,36.05275345,28.83265495,35.11458969
East Asia,2007,Male,34.62052536,30.18838882,35.19108582
East Asia,2008,Male,33.72175598,30.52901649,35.74922943
East Asia,2009,Male,32.64102554,30.65922737,36.69974518
East Asia,2010,Male,31.60183716,31.43172836,36.96643448
East Asia,2011,Male,30.19724464,32.50211716,37.30063629
East Asia,2012,Male,28.6272316,33.75328827,37.61948013
East Asia,2013,Male,29.80818939,32.13938141,38.0524292
East Asia,2014,Male,28.40068054,32.83043289,38.76888657
East Asia,2015,Male,27.02730179,33.50222397,39.47047424
East Asia,2016,Male,25.74074364,34.14318848,40.11606979
East Asia,2017,Male,24.46713448,34.76811981,40.7647438
East Asia,2018,Male,23.20615578,35.37742615,41.41641617
South East Asia & the Pacific,1991,Male,57.8144722,15.07098293,27.11454391
South East Asia & the Pacific,1992,Male,57.57296753,15.02709293,27.39994049
South East Asia & the Pacific,1993,Male,55.39731216,16.04022598,28.56245995
South East Asia & the Pacific,1994,Male,53.07196808,17.72875214,29.19928169
South East Asia & the Pacific,1995,Male,51.32884979,17.98905373,30.68209648
South East Asia & the Pacific,1996,Male,49.65084839,18.61341667,31.73573494
South East Asia & the Pacific,1997,Male,47.55187607,19.42499161,33.02312851
South East Asia & the Pacific,1998,Male,49.22543335,17.57795143,33.19661713
South East Asia & the Pacific,1999,Male,48.43232727,18.25954628,33.30812454
South East Asia & the Pacific,2000,Male,48.65300751,18.35599899,32.9909935
South East Asia & the Pacific,2001,Male,47.62030029,19.13002586,33.24967194
South East Asia & the Pacific,2002,Male,47.39140701,19.50380325,33.10478592
South East Asia & the Pacific,2003,Male,47.40600967,19.34584999,33.24813843
South East Asia & the Pacific,2004,Male,45.38536453,20.02348328,34.59115219
South East Asia & the Pacific,2005,Male,45.40978622,20.32058716,34.26962662
South East Asia & the Pacific,2006,Male,44.23118591,20.71389198,35.0549202
South East Asia & the Pacific,2007,Male,43.40696716,20.970047,35.62298584
South East Asia & the Pacific,2008,Male,43.19129944,20.90542221,35.90327835
South East Asia & the Pacific,2009,Male,42.3236351,21.10404778,36.57231903
South East Asia & the Pacific,2010,Male,40.91167831,21.14885712,37.93946457
South East Asia & the Pacific,2011,Male,39.79955673,21.80651855,38.39392471
South East Asia & the Pacific,2012,Male,38.40769577,22.52861595,39.06368637
South East Asia & the Pacific,2013,Male,40.82801437,21.41091537,37.76107025
South East Asia & the Pacific,2014,Male,39.98986435,21.8047924,38.20534134
South East Asia & the Pacific,2015,Male,39.11016846,22.23238182,38.65745163
South East Asia & the Pacific,2016,Male,38.2551384,22.64412308,39.10074234
South East Asia & the Pacific,2017,Male,37.38834,23.06254196,39.54911423
South East Asia & the Pacific,2018,Male,36.51815033,23.48216057,39.99968719
South Asia,1991,Male,56.62253571,17.17029762,26.20716667
South Asia,1992,Male,56.41579437,17.01142883,26.57277679
South Asia,1993,Male,55.98440552,16.94731522,27.06828117
South Asia,1994,Male,55.50223541,16.90044594,27.59731865
South Asia,1995,Male,54.88388824,17.01978111,28.09633064
South Asia,1996,Male,54.43047714,16.99838257,28.57114029
South Asia,1997,Male,53.86473083,17.15679169,28.97847557
South Asia,1998,Male,53.86497879,17.06389618,29.07112503
South Asia,1999,Male,53.54641724,17.17328644,29.28029823
South Asia,2000,Male,53.30679703,17.3853035,29.30789757
South Asia,2001,Male,52.38464355,17.8811264,29.73423195
South Asia,2002,Male,50.89034271,18.57280922,30.53684807
South Asia,2003,Male,49.90782166,19.10604477,30.98613548
South Asia,2004,Male,48.78434753,19.71280479,31.50284767
South Asia,2005,Male,47.57685852,20.38875961,32.03438187
South Asia,2006,Male,46.7041626,21.06675148,32.22908783
South Asia,2007,Male,45.98465347,21.70754051,32.30780792
South Asia,2008,Male,45.48811722,22.08966255,32.42221832
South Asia,2009,Male,44.93204498,22.4850769,32.58287811
South Asia,2010,Male,44.46458435,22.87020874,32.66520691
South Asia,2011,Male,43.41241837,23.41950798,33.16807556
South Asia,2012,Male,42.17192459,24.13580704,33.69226837
South Asia,2013,Male,40.89263916,24.80798149,34.29938126
South Asia,2014,Male,40.25848007,25.09319687,34.64832306
South Asia,2015,Male,39.50638962,25.45675278,35.0368576
South Asia,2016,Male,38.69548416,25.84656143,35.45795441
South Asia,2017,Male,37.854702,26.25259972,35.8927002
South Asia,2018,Male,36.99835968,26.66699028,36.33465195
Latin America & the Caribbean,1991,Male,29.71502495,26.61193275,43.6730423
Latin America & the Caribbean,1992,Male,29.86699677,26.41466713,43.71833801
Latin America & the Caribbean,1993,Male,29.6816597,26.15438461,44.16395569
Latin America & the Caribbean,1994,Male,29.36276627,25.82104492,44.81618881
Latin America & the Caribbean,1995,Male,28.82024193,25.49967384,45.68008423
Latin America & the Caribbean,1996,Male,28.07139206,25.39078522,46.53782272
Latin America & the Caribbean,1997,Male,27.87600327,25.60503769,46.51895905
Latin America & the Caribbean,1998,Male,26.50086784,26.17400169,47.32513046
Latin America & the Caribbean,1999,Male,27.22973251,25.52748871,47.24277878
Latin America & the Caribbean,2000,Male,26.10777092,25.909935,47.98229599
Latin America & the Caribbean,2001,Male,25.45319366,25.7646122,48.78219223
Latin America & the Caribbean,2002,Male,25.30789948,25.65112305,49.04097748
Latin America & the Caribbean,2003,Male,24.89691353,25.58639717,49.5166893
Latin America & the Caribbean,2004,Male,24.58532715,25.9799366,49.43473816
Latin America & the Caribbean,2005,Male,24.08420181,26.57894325,49.33685684
Latin America & the Caribbean,2006,Male,23.25316429,27.13786507,49.60897064
Latin America & the Caribbean,2007,Male,22.19227982,27.77160263,50.03611755
Latin America & the Caribbean,2008,Male,21.5847187,28.08777809,50.3275032
Latin America & the Caribbean,2009,Male,21.74646568,27.71258736,50.54094696
Latin America & the Caribbean,2010,Male,21.0969944,27.67772293,51.22528458
Latin America & the Caribbean,2011,Male,20.81069756,27.53851891,51.65078354
Latin America & the Caribbean,2012,Male,20.24368095,27.37071419,52.38560486
Latin America & the Caribbean,2013,Male,19.96823883,27.35405159,52.67770767
Latin America & the Caribbean,2014,Male,19.68671036,27.46233177,52.85095596
Latin America & the Caribbean,2015,Male,19.3500061,27.61201859,53.03797531
Latin America & the Caribbean,2016,Male,19.00727654,27.7700367,53.22268677
Latin America & the Caribbean,2017,Male,18.6550808,27.93252182,53.41239929
Latin America & the Caribbean,2018,Male,18.29952431,28.096035,53.6044426
Middle East,1991,Male,23.09303284,25.76756477,51.1394043
Middle East,1992,Male,22.85018349,25.60584641,51.54397202
Middle East,1993,Male,22.68725395,25.48849678,51.82424927
Middle East,1994,Male,22.45967865,25.42901611,52.11130524
Middle East,1995,Male,22.27140427,25.43418121,52.29441452
Middle East,1996,Male,22.10910606,25.50279808,52.38809586
Middle East,1997,Male,21.97322655,25.68179131,52.34498215
Middle East,1998,Male,21.83003044,25.8565712,52.31339645
Middle East,1999,Male,21.34089088,26.02326965,52.63583755
Middle East,2000,Male,20.76663589,26.02549362,53.20787048
Middle East,2001,Male,20.48013115,26.37405586,53.14581299
Middle East,2002,Male,19.95172882,26.47170258,53.5765686
Middle East,2003,Male,19.39845467,26.79574776,53.80579758
Middle East,2004,Male,18.89730072,27.10639572,53.99630356
Middle East,2005,Male,18.02847481,27.55425835,54.41726685
Middle East,2006,Male,17.04786682,27.78481102,55.16732025
Middle East,2007,Male,16.17806053,28.38406944,55.43787003
Middle East,2008,Male,14.95789433,28.44909096,56.59301376
Middle East,2009,Male,13.93395329,28.97749901,57.08854675
Middle East,2010,Male,13.32075596,29.35238075,57.32686234
Middle East,2011,Male,13.0148344,29.65390587,57.33125687
Middle East,2012,Male,12.84299946,30.07299232,57.08400726
Middle East,2013,Male,12.72839165,30.43741989,56.83419037
Middle East,2014,Male,12.58650208,30.43700981,56.97648621
Middle East,2015,Male,12.41730785,30.44911003,57.13357925
Middle East,2016,Male,12.24275112,30.45192909,57.30532074
Middle East,2017,Male,12.06557369,30.44545555,57.48897171
Middle East,2018,Male,11.88412285,30.43391418,57.68196106
North Africa,1991,Male,31.99235153,23.56479454,44.44285583
North Africa,1992,Male,34.07105637,22.54737282,43.38156891
North Africa,1993,Male,33.22638702,22.74942207,44.02419281
North Africa,1994,Male,33.07121658,22.69138718,44.23739624
North Africa,1995,Male,33.04358292,22.53609848,44.4203186
North Africa,1996,Male,32.37718582,22.73935509,44.883461
North Africa,1997,Male,31.9685688,23.01802444,45.01340866
North Africa,1998,Male,31.46912766,22.67143059,45.85943985
North Africa,1999,Male,31.1102562,22.61263466,46.27710724
North Africa,2000,Male,31.04536057,22.2713604,46.68328094
North Africa,2001,Male,31.3502388,21.78392029,46.86584091
North Africa,2002,Male,31.33778763,21.31187439,47.35033798
North Africa,2003,Male,31.24463081,21.42219925,47.33316803
North Africa,2004,Male,31.24036407,21.96389961,46.79573441
North Africa,2005,Male,30.24725723,23.07455254,46.67818832
North Africa,2006,Male,29.95593071,23.7574501,46.28661728
North Africa,2007,Male,29.17792702,24.43430519,46.38776779
North Africa,2008,Male,28.82370949,25.12512398,46.05116653
North Africa,2009,Male,27.91177559,25.6455307,46.44269562
North Africa,2010,Male,26.99482155,26.89333725,46.11183929
North Africa,2011,Male,27.28854942,25.64802742,47.06342316
North Africa,2012,Male,27.36169243,24.50749779,48.13080978
North Africa,2013,Male,27.30529022,23.97363853,48.72106934
North Africa,2014,Male,27.04946327,24.01573563,48.93480301
North Africa,2015,Male,26.72605515,24.10549736,49.1684494
North Africa,2016,Male,26.40052986,24.19851112,49.40095901
North Africa,2017,Male,26.07899857,24.2877388,49.63326263
North Africa,2018,Male,25.75372124,24.37401581,49.87226486
Sub-Saharan Africa,1991,Male,63.11309814,11.06641388,25.82048798
Sub-Saharan Africa,1992,Male,63.54852676,10.74928379,25.70218849
Sub-Saharan Africa,1993,Male,64.18104553,10.4678793,25.35107613
Sub-Saharan Africa,1994,Male,64.42795563,10.30789661,25.2641468
Sub-Saharan Africa,1995,Male,64.20778656,10.36964798,25.42256546
Sub-Saharan Africa,1996,Male,64.23098755,10.35531139,25.41370392
Sub-Saharan Africa,1997,Male,64.24007416,10.21625519,25.54367256
Sub-Saharan Africa,1998,Male,64.28903961,10.13506031,25.57589722
Sub-Saharan Africa,1999,Male,64.40637207,10.00265503,25.59097481
Sub-Saharan Africa,2000,Male,64.57364655,9.911025047,25.51533318
Sub-Saharan Africa,2001,Male,64.4430542,10.03883266,25.5181179
Sub-Saharan Africa,2002,Male,64.50853729,10.08452702,25.40693665
Sub-Saharan Africa,2003,Male,64.20937347,10.02945995,25.76116943
Sub-Saharan Africa,2004,Male,63.80427551,10.10541344,26.09030914
Sub-Saharan Africa,2005,Male,63.04780579,10.31153107,26.64066124
Sub-Saharan Africa,2006,Male,62.30093002,10.56190872,27.13716316
Sub-Saharan Africa,2007,Male,61.84628677,10.7690897,27.38462448
Sub-Saharan Africa,2008,Male,61.21151352,10.85189056,27.93659782
Sub-Saharan Africa,2009,Male,61.11062622,10.813241,28.07613373
Sub-Saharan Africa,2010,Male,60.85384369,10.79946518,28.34668922
Sub-Saharan Africa,2011,Male,60.59548569,10.81699944,28.58751488
Sub-Saharan Africa,2012,Male,60.23833847,10.91005135,28.85160828
Sub-Saharan Africa,2013,Male,60.74748611,10.89837837,28.35413361
Sub-Saharan Africa,2014,Male,60.28442764,11.08980656,28.62576675
Sub-Saharan Africa,2015,Male,59.81246948,11.29771709,28.88981438
Sub-Saharan Africa,2016,Male,59.3288269,11.51338291,29.15779114
Sub-Saharan Africa,2017,Male,58.84660339,11.72861481,29.42478371
Sub-Saharan Africa,2018,Male,58.35652924,11.95011902,29.69335175
World,1991,Female,48.91339493,16.6375351,34.44907379
World,1992,Female,48.66553879,16.39603806,34.93842316
World,1993,Female,47.73020935,16.33938217,35.93040848
World,1994,Female,46.8191185,16.18419838,36.99668503
World,1995,Female,45.59404373,16.07100868,38.33494949
World,1996,Female,44.66324234,16.10122299,39.23553467
World,1997,Female,44.06428528,16.04168129,39.89403152
World,1998,Female,43.97869492,15.7114954,40.30981064
World,1999,Female,43.95804596,15.38144112,40.66051483
World,2000,Female,43.71332169,15.2208395,41.06584167
World,2001,Female,43.12679291,15.24639606,41.62681198
World,2002,Female,42.81155777,15.01558685,42.17285538
World,2003,Female,42.18691635,15.05748367,42.75559998
World,2004,Female,41.2204361,15.18457699,43.59498596
World,2005,Female,40.31373978,15.51417732,44.17208481
World,2006,Female,39.00430298,15.87361908,45.12207794
World,2007,Female,38.04314804,16.24174881,45.71510315
World,2008,Female,37.21852875,16.16690636,46.61456299
World,2009,Female,36.53871918,16.15893555,47.30234528
World,2010,Female,35.841259,16.40552902,47.75321198
World,2011,Female,34.82614136,16.76614571,48.40771484
World,2012,Female,33.67553711,17.1541729,49.1702919
World,2013,Female,33.19844437,17.36440849,49.43714523
World,2014,Female,32.79871368,17.45398521,49.74729919
World,2015,Female,32.39775085,17.54634476,50.05590439
World,2016,Female,32.04606628,17.62106895,50.33286285
World,2017,Female,31.70335197,17.68708992,50.60955811
World,2018,Female,31.3722229,17.74535942,50.88241577
Developed Economies & EU,1991,Female,6.245526314,19.79622459,73.95825195
Developed Economies & EU,1992,Female,6.070243835,19.17926979,74.75048828
Developed Economies & EU,1993,Female,5.810602665,18.34194565,75.84745026
Developed Economies & EU,1994,Female,5.825392723,17.79446793,76.38014221
Developed Economies & EU,1995,Female,5.730910778,17.36231613,76.90677643
Developed Economies & EU,1996,Female,5.437736034,17.10153008,77.46073151
Developed Economies & EU,1997,Female,5.335739613,16.74742126,77.9168396
Developed Economies & EU,1998,Female,5.084382534,16.4303627,78.48525238
Developed Economies & EU,1999,Female,4.902508259,15.86831188,79.22917938
Developed Economies & EU,2000,Female,4.74993515,15.53011131,79.71995544
Developed Economies & EU,2001,Female,4.592343807,15.1037941,80.30386353
Developed Economies & EU,2002,Female,4.200513363,14.49103928,81.30844879
Developed Economies & EU,2003,Female,3.895188093,13.93732262,82.1674881
Developed Economies & EU,2004,Female,3.619977713,13.57337475,82.80664825
Developed Economies & EU,2005,Female,3.522095203,13.16111374,83.31678772
Developed Economies & EU,2006,Female,3.336282492,13.01874447,83.64497375
Developed Economies & EU,2007,Female,3.205954313,12.86146641,83.93257904
Developed Economies & EU,2008,Female,3.085697412,12.37207222,84.5422287
Developed Economies & EU,2009,Female,3.036528111,11.29334736,85.67012787
Developed Economies & EU,2010,Female,2.982443571,10.86946869,86.14808655
Developed Economies & EU,2011,Female,2.852876425,11.03460121,86.11252594
Developed Economies & EU,2012,Female,2.762665749,11.11938286,86.11795044
Developed Economies & EU,2013,Female,2.688783169,11.16375637,86.14746094
Developed Economies & EU,2014,Female,2.658138037,11.08348465,86.25837708
Developed Economies & EU,2015,Female,2.629320621,11.02046776,86.3502121
Developed Economies & EU,2016,Female,2.604394674,10.96802998,86.42757416
Developed Economies & EU,2017,Female,2.578490257,10.91530704,86.5062027
Developed Economies & EU,2018,Female,2.552637339,10.86299419,86.58436584
Central & South Eastern Europe (non-EU) & CIS,1991,Female,29.65523911,21.76620293,48.57855988
Central & South Eastern Europe (non-EU) & CIS,1992,Female,27.97736931,21.63897324,50.38365936
Central & South Eastern Europe (non-EU) & CIS,1993,Female,26.71772003,20.96985245,52.31242752
Central & South Eastern Europe (non-EU) & CIS,1994,Female,27.50710487,19.88353348,52.60935974
Central & South Eastern Europe (non-EU) & CIS,1995,Female,26.96866989,19.22630692,53.80502319
Central & South Eastern Europe (non-EU) & CIS,1996,Female,26.52080345,18.67215347,54.80704117
Central & South Eastern Europe (non-EU) & CIS,1997,Female,25.57956314,18.29603386,56.12440491
Central & South Eastern Europe (non-EU) & CIS,1998,Female,25.45192146,17.89578629,56.65229416
Central & South Eastern Europe (non-EU) & CIS,1999,Female,27.08896255,17.54804611,55.36299133
Central & South Eastern Europe (non-EU) & CIS,2000,Female,25.29246902,17.93466949,56.77286148
Central & South Eastern Europe (non-EU) & CIS,2001,Female,23.8962841,18.39831161,57.70540619
Central & South Eastern Europe (non-EU) & CIS,2002,Female,23.01319122,18.31578445,58.67102432
Central & South Eastern Europe (non-EU) & CIS,2003,Female,22.05142975,18.13924408,59.80932617
Central & South Eastern Europe (non-EU) & CIS,2004,Female,21.00861931,17.9485817,61.04279709
Central & South Eastern Europe (non-EU) & CIS,2005,Female,20.47592354,17.73341179,61.79066467
Central & South Eastern Europe (non-EU) & CIS,2006,Female,19.55884552,17.51223373,62.92892075
Central & South Eastern Europe (non-EU) & CIS,2007,Female,18.38468742,17.41120529,64.20410919
Central & South Eastern Europe (non-EU) & CIS,2008,Female,18.378479,16.57402039,65.04750061
Central & South Eastern Europe (non-EU) & CIS,2009,Female,18.38055229,16.9895916,64.62985229
Central & South Eastern Europe (non-EU) & CIS,2010,Female,18.80816841,17.57328033,63.61855316
Central & South Eastern Europe (non-EU) & CIS,2011,Female,19.04294395,18.08316231,62.87389374
Central & South Eastern Europe (non-EU) & CIS,2012,Female,19.1248188,18.63600922,62.23917389
Central & South Eastern Europe (non-EU) & CIS,2013,Female,19.22854233,19.15026665,61.62118912
Central & South Eastern Europe (non-EU) & CIS,2014,Female,19.19916534,19.1017704,61.69906235
Central & South Eastern Europe (non-EU) & CIS,2015,Female,19.16724205,19.06888771,61.76387024
Central & South Eastern Europe (non-EU) & CIS,2016,Female,19.11820793,19.03525352,61.84653854
Central & South Eastern Europe (non-EU) & CIS,2017,Female,19.06424522,18.99999809,61.93575668
Central & South Eastern Europe (non-EU) & CIS,2018,Female,19.00769043,18.96625519,62.02605438
East Asia,1991,Female,65.4503479,19.66267776,14.88697815
East Asia,1992,Female,64.2306366,19.86712074,15.90224266
East Asia,1993,Female,62.02907944,20.45151901,17.51940155
East Asia,1994,Female,59.68230438,20.69630432,19.62138939
East Asia,1995,Female,57.26379013,20.96168518,21.77452469
East Asia,1996,Female,55.31800079,21.36989975,23.31209946
East Asia,1997,Female,54.61096191,21.4846077,23.90443039
East Asia,1998,Female,54.5653801,21.21945572,24.21516418
East Asia,1999,Female,54.78253555,20.69903564,24.5184288
East Asia,2000,Female,54.50217438,20.14480591,25.35301971
East Asia,2001,Female,54.4108963,19.91718102,25.67192459
East Asia,2002,Female,54.21168137,19.02535248,26.76296616
East Asia,2003,Female,53.17507172,19.16798973,27.65693665
East Asia,2004,Female,50.61663437,19.96273232,29.42063522
East Asia,2005,Female,48.24725723,21.14012146,30.6126194
East Asia,2006,Female,45.7480011,22.43086243,31.82113647
East Asia,2007,Female,43.76789474,23.93189621,32.30020905
East Asia,2008,Female,42.27402878,24.29018021,33.43579102
East Asia,2009,Female,40.47377396,24.78550339,34.74072266
East Asia,2010,Female,38.8519249,25.62073326,35.52733994
East Asia,2011,Female,36.58172607,26.38393211,37.0343399
East Asia,2012,Female,33.96908951,27.33674812,38.69416428
East Asia,2013,Female,32.92140198,27.74123955,39.33735657
East Asia,2014,Female,31.6966362,28.08655167,40.21681213
East Asia,2015,Female,30.49443054,28.41924095,41.0863266
East Asia,2016,Female,29.50008011,28.67913818,41.82078171
East Asia,2017,Female,28.52731705,28.92010117,42.55258179
East Asia,2018,Female,27.57741928,29.1415062,43.28107452
South East Asia & the Pacific,1991,Female,60.44344711,11.40316868,28.15338326
South East Asia & the Pacific,1992,Female,61.05690384,11.40836716,27.534729
South East Asia & the Pacific,1993,Female,58.41116714,12.26544857,29.32338333
South East Asia & the Pacific,1994,Female,56.52567291,13.0015974,30.47272873
South East Asia & the Pacific,1995,Female,54.19251251,13.28098011,32.52650833
South East Asia & the Pacific,1996,Female,53.40723419,13.45207882,33.14068604
South East Asia & the Pacific,1997,Female,51.07845688,13.87173462,35.0498085
South East Asia & the Pacific,1998,Female,51.8784256,12.61911488,35.50245667
South East Asia & the Pacific,1999,Female,50.60900116,12.73805332,36.65294647
South East Asia & the Pacific,2000,Female,51.25531006,13.63196182,35.11272812
South East Asia & the Pacific,2001,Female,49.34447479,14.37757683,36.27795029
South East Asia & the Pacific,2002,Female,49.3692131,14.31509972,36.31568909
South East Asia & the Pacific,2003,Female,49.32595444,14.4053421,36.26870346
South East Asia & the Pacific,2004,Female,47.59281158,14.26312447,38.14406204
South East Asia & the Pacific,2005,Female,46.76551056,14.92360497,38.31088638
South East Asia & the Pacific,2006,Female,45.02890015,15.00179291,39.96930695
South East Asia & the Pacific,2007,Female,44.69641113,14.91221428,40.39137268
South East Asia & the Pacific,2008,Female,43.92220306,14.67025566,41.40754318
South East Asia & the Pacific,2009,Female,42.8288002,14.70380974,42.46739197
South East Asia & the Pacific,2010,Female,42.1161499,15.32883453,42.55501556
South East Asia & the Pacific,2011,Female,41.09037399,15.7881012,43.12152481
South East Asia & the Pacific,2012,Female,40.1587944,16.10248756,43.73871994
South East Asia & the Pacific,2013,Female,39.67222977,16.20221138,44.12555695
South East Asia & the Pacific,2014,Female,39.00686264,16.34716034,44.64597702
South East Asia & the Pacific,2015,Female,38.34348679,16.50349426,45.15301895
South East Asia & the Pacific,2016,Female,37.67543411,16.65864182,45.66592407
South East Asia & the Pacific,2017,Female,37.0103035,16.80993462,46.17975998
South East Asia & the Pacific,2018,Female,36.35275269,16.95598602,46.69126129
South Asia,1991,Female,76.34481049,12.65596962,10.99921703
South Asia,1992,Female,76.4102478,12.39126301,11.19849205
South Asia,1993,Female,76.23125458,12.11983013,11.64891624
South Asia,1994,Female,75.98963928,11.93390274,12.07646084
South Asia,1995,Female,75.57913971,11.7642107,12.65665054
South Asia,1996,Female,75.15901184,11.49114609,13.34984589
South Asia,1997,Female,75.07550049,11.39013195,13.53436661
South Asia,1998,Female,75.19895172,11.21869469,13.58235455
South Asia,1999,Female,75.15184021,11.11946297,13.72869873
South Asia,2000,Female,75.17905426,11.0182209,13.80272388
South Asia,2001,Female,73.79460144,11.81239223,14.39301014
South Asia,2002,Female,71.98253632,12.92151737,15.09594727
South Asia,2003,Female,70.24043274,13.91022015,15.84935093
South Asia,2004,Female,70.45470428,13.90583229,15.63946056
South Asia,2005,Female,70.37116241,14.03185558,15.59698296
South Asia,2006,Female,70.16062164,14.19507122,15.64430618
South Asia,2007,Female,70.08361053,14.20584679,15.71054268
South Asia,2008,Female,69.91030121,14.39740372,15.69229126
South Asia,2009,Female,69.5941925,14.70526981,15.70053673
South Asia,2010,Female,69.35688019,14.94698906,15.6961298
South Asia,2011,Female,67.9594574,15.7438364,16.29670906
South Asia,2012,Female,66.36528015,16.65464592,16.98007202
South Asia,2013,Female,64.79001617,17.54208946,17.66789627
South Asia,2014,Female,64.40325928,17.71630669,17.88043213
South Asia,2015,Female,63.99998856,17.90866661,18.09134293
South Asia,2016,Female,63.53245163,18.13111496,18.3364315
South Asia,2017,Female,63.06391144,18.35370064,18.58238792
South Asia,2018,Female,62.59445572,18.57640266,18.82914352
Latin America & the Caribbean,1991,Female,14.68215942,15.0829277,70.23491669
Latin America & the Caribbean,1992,Female,17.33827591,14.11583042,68.54589081
Latin America & the Caribbean,1993,Female,17.26582909,13.96904659,68.76512909
Latin America & the Caribbean,1994,Female,16.7700367,13.4714241,69.75853729
Latin America & the Caribbean,1995,Female,16.49578857,12.72959518,70.77462006
Latin America & the Caribbean,1996,Female,15.12744331,13.13579464,71.736763
Latin America & the Caribbean,1997,Female,15.51822376,13.14774513,71.33403015
Latin America & the Caribbean,1998,Female,14.32189655,13.47299194,72.20510864
Latin America & the Caribbean,1999,Female,15.01766682,13.37392044,71.6084137
Latin America & the Caribbean,2000,Female,13.82601929,13.51876736,72.6552124
Latin America & the Caribbean,2001,Female,13.05711746,13.37033653,73.57254791
Latin America & the Caribbean,2002,Female,13.0910244,13.99758625,72.91139221
Latin America & the Caribbean,2003,Female,12.81906319,13.93307209,73.24786377
Latin America & the Caribbean,2004,Female,12.72339916,13.93427277,73.34233093
Latin America & the Caribbean,2005,Female,12.53334236,14.01952934,73.4471283
Latin America & the Caribbean,2006,Female,12.01388359,13.76053333,74.22558594
Latin America & the Caribbean,2007,Female,11.15767574,13.75112247,75.09120178
Latin America & the Caribbean,2008,Female,10.47433662,13.88147736,75.64418793
Latin America & the Caribbean,2009,Female,10.32096291,13.66778088,76.01125336
Latin America & the Caribbean,2010,Female,9.893633842,13.31525803,76.79110718
Latin America & the Caribbean,2011,Female,9.550870895,12.72434044,77.72479248
Latin America & the Caribbean,2012,Female,9.170775414,12.09261799,78.73660278
Latin America & the Caribbean,2013,Female,9.084871292,11.72096539,79.19416046
Latin America & the Caribbean,2014,Female,8.976735115,11.69391251,79.32935333
Latin America & the Caribbean,2015,Female,8.866476059,11.68298531,79.45053864
Latin America & the Caribbean,2016,Female,8.773366928,11.67254353,79.55409241
Latin America & the Caribbean,2017,Female,8.681401253,11.66131592,79.65727997
Latin America & the Caribbean,2018,Female,8.590464592,11.64964104,79.75989532
Middle East,1991,Female,36.75003815,10.06009769,53.18986511
Middle East,1992,Female,37.3926239,10.11186028,52.49551773
Middle East,1993,Female,37.81385422,10.09930801,52.08683777
Middle East,1994,Female,36.5146637,10.17145348,53.31388474
Middle East,1995,Female,36.42588043,10.2261076,53.34801102
Middle East,1996,Female,36.73916245,10.47612381,52.78471375
Middle East,1997,Female,36.34745789,10.79319668,52.85934448
Middle East,1998,Female,35.83899689,11.22727871,52.93372726
Middle East,1999,Female,35.69425964,11.27378178,53.03195953
Middle East,2000,Female,35.28300095,11.7343502,52.98264694
Middle East,2001,Female,35.30498505,12.24736214,52.44765091
Middle East,2002,Female,35.11680603,12.62941074,52.25378418
Middle East,2003,Female,34.60515594,13.38468075,52.01016617
Middle East,2004,Female,34.22416306,14.42390156,51.35193634
Middle East,2005,Female,32.24085999,15.57586384,52.18327713
Middle East,2006,Female,30.56900787,16.67883301,52.75215912
Middle East,2007,Female,30.8484478,15.07860088,54.07295227
Middle East,2008,Female,29.0354805,13.43398666,57.53053284
Middle East,2009,Female,27.47594833,12.80199242,59.72206116
Middle East,2010,Female,26.2698288,12.27531338,61.45485687
Middle East,2011,Female,25.81836128,12.01193047,62.16970825
Middle East,2012,Female,25.95754242,11.81120872,62.23124695
Middle East,2013,Female,25.86704826,11.54811859,62.58483505
Middle East,2014,Female,25.92006302,11.48101234,62.59892273
Middle East,2015,Female,25.97706223,11.44153023,62.58140564
Middle East,2016,Female,26.0579071,11.40592766,62.53616333
Middle East,2017,Female,26.15614891,11.37076187,62.47309113
Middle East,2018,Female,26.26536179,11.33869743,62.39594269
North Africa,1991,Female,46.35186768,14.56721401,39.08092117
North Africa,1992,Female,51.64397049,11.8147831,36.54124832
North Africa,1993,Female,48.9766922,11.08574295,39.93756485
North Africa,1994,Female,48.8795433,10.81845379,40.30200577
North Africa,1995,Female,47.26316071,11.43916607,41.29767227
North Africa,1996,Female,46.79635239,11.23000431,41.97364426
North Africa,1997,Female,46.15159988,11.63024616,42.21815491
North Africa,1998,Female,44.07139969,11.93358517,43.99501419
North Africa,1999,Female,42.2462616,12.85282516,44.90091324
North Africa,2000,Female,44.49461746,11.45804501,44.04733658
North Africa,2001,Female,40.44728851,12.72753048,46.82518005
North Africa,2002,Female,38.47240829,13.23819923,48.28939438
North Africa,2003,Female,42.21027374,11.86450768,45.92522049
North Africa,2004,Female,46.1465416,12.02620316,41.82725525
North Africa,2005,Female,45.97416306,11.40652466,42.61931229
North Africa,2006,Female,44.1778183,11.59217453,44.23000717
North Africa,2007,Female,44.48018265,11.52958393,43.99023056
North Africa,2008,Female,43.13442612,11.51325893,45.352314
North Africa,2009,Female,42.39416504,11.63595486,45.96988297
North Africa,2010,Female,40.96258926,12.40098763,46.6364212
North Africa,2011,Female,40.26747513,11.57548332,48.15704346
North Africa,2012,Female,39.97338486,11.01329803,49.01332092
North Africa,2013,Female,39.72809601,10.77388954,49.49801254
North Africa,2014,Female,39.51486969,10.78258896,49.70254135
North Africa,2015,Female,39.30839539,10.80378628,49.88781738
North Africa,2016,Female,39.04546356,10.85355568,50.10097885
North Africa,2017,Female,38.79401779,10.9018507,50.30413055
North Africa,2018,Female,38.55599594,10.94830227,50.49570084
Sub-Saharan Africa,1991,Female,70.38098145,6.284864426,23.33415794
Sub-Saharan Africa,1992,Female,70.17119598,6.12869215,23.7001133
Sub-Saharan Africa,1993,Female,70.22433472,5.944447041,23.83122063
Sub-Saharan Africa,1994,Female,69.77353668,5.822534561,24.40392685
Sub-Saharan Africa,1995,Female,69.03408051,5.887259483,25.07865906
Sub-Saharan Africa,1996,Female,68.54847717,5.935801506,25.51571846
Sub-Saharan Africa,1997,Female,68.09539032,5.940832615,25.96377563
Sub-Saharan Africa,1998,Female,67.66953278,5.944281101,26.3861866
Sub-Saharan Africa,1999,Female,67.26998138,5.913500786,26.81652069
Sub-Saharan Africa,2000,Female,66.66713715,5.969586372,27.36327553
Sub-Saharan Africa,2001,Female,65.73014832,6.077616215,28.19223213
Sub-Saharan Africa,2002,Female,65.66884613,6.063845158,28.26730919
Sub-Saharan Africa,2003,Female,65.23874664,6.078621387,28.68263245
Sub-Saharan Africa,2004,Female,64.85208893,6.091437817,29.05647659
Sub-Saharan Africa,2005,Female,64.40876007,6.057954788,29.53328514
Sub-Saharan Africa,2006,Female,63.90280151,6.180887222,29.91631317
Sub-Saharan Africa,2007,Female,63.47038651,6.231467247,30.2981472
Sub-Saharan Africa,2008,Female,63.0595932,6.266260147,30.67414474
Sub-Saharan Africa,2009,Female,62.90474319,6.394548893,30.70070839
Sub-Saharan Africa,2010,Female,62.72143936,6.404578209,30.87398338
Sub-Saharan Africa,2011,Female,62.47729874,6.424452305,31.09824753
Sub-Saharan Africa,2012,Female,62.16235733,6.452592373,31.38505173
Sub-Saharan Africa,2013,Female,61.90061569,6.473297119,31.6260891
Sub-Saharan Africa,2014,Female,61.4836235,6.586544037,31.92983055
Sub-Saharan Africa,2015,Female,61.04906845,6.721302509,32.2296257
Sub-Saharan Africa,2016,Female,60.58266068,6.867743015,32.54959488
Sub-Saharan Africa,2017,Female,60.11228943,7.016656399,32.8710556
Sub-Saharan Africa,2018,Female,59.63910294,7.167233467,33.19366074